{"coverage": 98.52255054432348, "raw_data": {"meta": {"format": 2, "version": "7.4.4", "timestamp": "2024-03-26T17:40:36.359218", "branch_coverage": false, "show_contexts": false}, "files": {"django_filters/__init__.py": {"executed_lines": [2, 4, 5, 9, 10, 11, 13, 16, 21, 22, 23, 24, 25, 28, 31, 35, 38, 39], "summary": {"covered_lines": 18, "num_statements": 19, "percent_covered": 94.73684210526316, "percent_covered_display": "95", "missing_lines": 1, "excluded_lines": 0}, "missing_lines": [27], "excluded_lines": []}, "django_filters/compat.py": {"executed_lines": [1, 4, 5, 10, 11, 17, 18, 19, 20, 22, 23, 24, 25], "summary": {"covered_lines": 13, "num_statements": 15, "percent_covered": 86.66666666666667, "percent_covered_display": "87", "missing_lines": 2, "excluded_lines": 0}, "missing_lines": [6, 7], "excluded_lines": []}, "django_filters/conf.py": {"executed_lines": [1, 2, 3, 5, 7, 54, 57, 59, 62, 63, 64, 65, 66, 68, 70, 71, 74, 75, 77, 78, 80, 81, 83, 85, 86, 87, 88, 91, 92, 95, 96, 98, 101, 102], "summary": {"covered_lines": 34, "num_statements": 34, "percent_covered": 100.0, "percent_covered_display": "100", "missing_lines": 0, "excluded_lines": 0}, "missing_lines": [], "excluded_lines": []}, "django_filters/constants.py": {"executed_lines": [1, 4], "summary": {"covered_lines": 2, "num_statements": 2, "percent_covered": 100.0, "percent_covered_display": "100", "missing_lines": 0, "excluded_lines": 0}, "missing_lines": [], "excluded_lines": []}, "django_filters/exceptions.py": {"executed_lines": [1, 4, 5, 6], "summary": {"covered_lines": 4, "num_statements": 4, "percent_covered": 100.0, "percent_covered_display": "100", "missing_lines": 0, "excluded_lines": 0}, "missing_lines": [], "excluded_lines": []}, "django_filters/fields.py": {"executed_lines": [1, 2, 4, 5, 6, 7, 9, 10, 11, 12, 20, 21, 22, 23, 25, 28, 29, 31, 32, 33, 34, 36, 37, 38, 39, 42, 43, 45, 46, 47, 49, 50, 51, 52, 53, 56, 57, 60, 61, 64, 65, 67, 68, 69, 72, 73, 75, 76, 77, 80, 81, 83, 84, 85, 88, 89, 90, 91, 96, 99, 100, 104, 105, 106, 107, 108, 109, 110, 112, 113, 114, 115, 116, 117, 119, 122, 125, 126, 135, 136, 138, 139, 141, 142, 143, 144, 145, 146, 149, 150, 160, 162, 163, 164, 166, 168, 170, 173, 176, 183, 187, 189, 190, 191, 195, 196, 197, 200, 203, 205, 207, 208, 210, 212, 213, 217, 220, 224, 225, 226, 228, 229, 230, 231, 232, 233, 234, 236, 238, 239, 240, 241, 244, 249, 250, 252, 253, 254, 255, 256, 258, 259, 260, 263, 264, 265, 266, 268, 270, 271, 272, 274, 275, 276, 277, 279, 280, 284, 288, 289, 291, 292, 293, 296, 297, 299, 300, 301, 304, 305, 307, 309, 310, 311, 314, 315, 317, 318, 319, 320, 322, 323, 324], "summary": {"covered_lines": 181, "num_statements": 181, "percent_covered": 100.0, "percent_covered_display": "100", "missing_lines": 0, "excluded_lines": 0}, "missing_lines": [], "excluded_lines": []}, "django_filters/filters.py": {"executed_lines": [1, 2, 3, 4, 6, 7, 8, 9, 10, 11, 12, 14, 15, 16, 31, 33, 67, 68, 69, 71, 82, 83, 84, 85, 86, 87, 88, 89, 91, 92, 94, 95, 97, 101, 103, 109, 110, 112, 113, 116, 117, 120, 121, 123, 125, 127, 128, 129, 130, 133, 135, 136, 138, 140, 142, 143, 144, 145, 147, 148, 150, 151, 153, 154, 155, 156, 157, 158, 159, 160, 163, 164, 167, 168, 171, 172, 174, 175, 176, 178, 179, 180, 182, 185, 188, 189, 192, 193, 196, 197, 220, 222, 224, 225, 226, 227, 228, 230, 235, 236, 239, 240, 242, 244, 245, 247, 249, 250, 252, 253, 254, 255, 256, 257, 258, 259, 261, 263, 264, 266, 268, 269, 270, 271, 272, 273, 274, 275, 278, 279, 282, 283, 286, 287, 290, 291, 301, 304, 305, 308, 309, 312, 313, 336, 337, 338, 340, 341, 342, 343, 344, 346, 347, 349, 350, 351, 353, 354, 355, 356, 358, 359, 361, 364, 365, 367, 368, 369, 372, 373, 376, 377, 379, 383, 385, 386, 387, 388, 389, 390, 391, 393, 394, 397, 398, 400, 401, 402, 403, 404, 405, 406, 407, 408, 409, 411, 414, 415, 417, 418, 419, 420, 421, 422, 423, 424, 425, 426, 427, 429, 432, 433, 436, 437, 445, 476, 477, 478, 479, 480, 482, 490, 491, 497, 498, 500, 501, 502, 504, 506, 507, 510, 511, 514, 515, 518, 519, 522, 523, 526, 527, 528, 529, 530, 531, 532, 535, 536, 537, 538, 539, 540, 541, 544, 545, 549, 551, 552, 553, 555, 556, 558, 562, 564, 565, 579, 580, 581, 584, 585, 588, 591, 592, 593, 594, 597, 598, 600, 601, 602, 605, 606, 629, 630, 632, 635, 637, 639, 640, 641, 643, 644, 661, 662, 663, 665, 672, 673, 674, 675, 677, 679, 680, 681, 682, 683, 685, 693, 695, 696, 697, 699, 700, 703, 704, 730, 732, 737, 738, 739, 741, 743, 744, 746, 747, 748, 749, 751, 752, 753, 754, 756, 758, 759, 760, 762, 767, 769, 770, 775, 776, 779, 784, 791, 793, 794, 798, 804, 807, 808, 813, 814, 816, 817, 818, 820, 822, 823, 827, 830, 831, 834, 841, 842, 844, 852], "summary": {"covered_lines": 359, "num_statements": 359, "percent_covered": 100.0, "percent_covered_display": "100", "missing_lines": 0, "excluded_lines": 0}, "missing_lines": [], "excluded_lines": []}, "django_filters/filterset.py": {"executed_lines": [1, 2, 4, 5, 6, 7, 8, 10, 11, 12, 28, 31, 36, 39, 40, 42, 43, 46, 47, 48, 49, 50, 52, 54, 57, 58, 59, 61, 62, 63, 65, 67, 68, 69, 76, 77, 78, 80, 85, 87, 88, 89, 91, 99, 102, 171, 172, 174, 175, 176, 177, 179, 180, 181, 182, 183, 185, 188, 189, 190, 192, 196, 198, 199, 203, 205, 213, 214, 215, 222, 224, 225, 226, 227, 228, 230, 231, 232, 233, 235, 242, 246, 248, 249, 250, 251, 252, 253, 255, 256, 258, 259, 264, 265, 266, 268, 275, 276, 279, 280, 283, 284, 285, 289, 291, 293, 294, 300, 303, 304, 305, 307, 309, 310, 317, 318, 321, 322, 323, 325, 326, 329, 330, 332, 333, 336, 337, 338, 340, 341, 346, 347, 349, 350, 357, 358, 360, 361, 362, 363, 364, 366, 371, 372, 374, 381, 383, 384, 385, 386, 387, 389, 390, 391, 394, 395, 398, 399, 401, 402, 404, 405, 406, 408, 410, 411, 413, 417, 419, 421, 422, 424, 428, 430, 432, 433, 447, 448, 449, 452, 455, 458, 459, 462, 463, 464, 465, 466, 468, 469, 470, 471], "summary": {"covered_lines": 192, "num_statements": 192, "percent_covered": 100.0, "percent_covered_display": "100", "missing_lines": 0, "excluded_lines": 0}, "missing_lines": [], "excluded_lines": []}, "django_filters/rest_framework/__init__.py": {"executed_lines": [2, 3, 4], "summary": {"covered_lines": 3, "num_statements": 3, "percent_covered": 100.0, "percent_covered_display": "100", "missing_lines": 0, "excluded_lines": 0}, "missing_lines": [], "excluded_lines": []}, "django_filters/rest_framework/backends.py": {"executed_lines": [1, 3, 5, 6, 9, 10, 11, 13, 14, 15, 16, 17, 19, 20, 21, 22, 24, 25, 27, 31, 32, 34, 35, 38, 39, 46, 48, 49, 51, 52, 53, 54, 56, 58, 60, 61, 67, 68, 69, 70, 72, 73, 74, 76, 77, 78, 79, 81, 82, 83, 85, 92, 132, 133, 134, 138, 139, 140, 141, 142, 146, 148, 149, 151, 152, 153, 162, 163, 164, 165], "summary": {"covered_lines": 70, "num_statements": 85, "percent_covered": 82.3529411764706, "percent_covered_display": "82", "missing_lines": 15, "excluded_lines": 0}, "missing_lines": [86, 87, 89, 90, 96, 97, 101, 104, 108, 109, 110, 111, 112, 116, 118], "excluded_lines": []}, "django_filters/rest_framework/filters.py": {"executed_lines": [1, 3, 4, 6, 9, 10, 11, 13], "summary": {"covered_lines": 8, "num_statements": 8, "percent_covered": 100.0, "percent_covered_display": "100", "missing_lines": 0, "excluded_lines": 0}, "missing_lines": [], "excluded_lines": []}, "django_filters/rest_framework/filterset.py": {"executed_lines": [1, 3, 4, 6, 8, 9, 11, 12, 21, 22, 24, 25, 26, 28, 29, 30, 32, 35, 36, 37, 39, 41], "summary": {"covered_lines": 22, "num_statements": 22, "percent_covered": 100.0, "percent_covered_display": "100", "missing_lines": 0, "excluded_lines": 0}, "missing_lines": [], "excluded_lines": []},